"0","library(labelled)"
"0",""
"0","labels <- c("
"0","  name = ""Name"","
"0","  essround = ""ESS Round"","
"0","  edition = ""Edition"","
"0","  proddate = ""Production Date"","
"0","  idno = ""ID Number"","
"0","  cntry = ""Country"","
"0","  dweight = ""Design Weight"","
"0","  pspwght = ""Post Stratification Weight"","
"0","  pweight = ""Population Weight"","
"0","  anweight = ""Analysis Weight"","
"0","  nwspol = ""News Consumption"","
"0","  polintr = ""Political Interest"","
"0","  trstprl = ""Trust in Parliament"","
"0","  trstplc = ""Trust in Police"","
"0","  lrscale = ""Left Right Scale"","
"0","  imbgeco = ""Immigration: Good or Bad for Economy"","
"0","  imueclt = ""Immigration: Cultural Life"","
"0","  imwbcnt = ""Immigration: Worse or Better for Country"","
"0","  gndr = ""Gender"","
"0","  agea = ""Age"","
"0","  eduyrs = ""Years of Education"","
"0","  inwds = ""Interview Start Time"","
"0","  ainws = ""Section A Start Time"","
"0","  ainwe = ""Section A End Time"","
"0","  binwe = ""Section B End Time"","
"0","  inwtm = ""Interview Length (Minutes)"","
"0","  prob = ""Sampling Probability"","
"0","  stratum = ""Stratum"","
"0","  psu = ""Primary Sampling Unit (PSU)"""
"0",")"
"0",""
"0","ESS_Subset <- set_variable_labels(ESS_Subset, .labels = labels)"
"0","  "
